<?xml version="1.0"?>
<!--
<!DOCTYPE nitf SYSTEM "../nitf-3-0.dtd">
-->
<nitf>
<head>
	<tobject tobject.type="news">
		<tobject.subject
			tobject.subject.refnum="17000000"
			tobject.subject.type="Weather"
			/>
		<tobject.subject
			tobject.subject.refnum="04001002"
			tobject.subject.detail="Fishing Industry"
			/>
	</tobject>
	<docdata>
		<identified-content>
			<location
				location-code="23602"
				code-source="zipcodes.usps.gov"
				/>
		</identified-content>
	</docdata>
</head>
<body>
	<body.head>
		<hedline>
			<hl1>Weather and Tide Update for Norfolk</hl1>
			<hl2>Using the new nitf-table element</hl2>
		</hedline>
		<byline>
			By Alan Karben
		</byline>
	</body.head>
	<body.content>
		<p>Tides in Norfolk are running normal today.</p>
		<nitf-table>
			<nitf-table-metadata>
				<nitf-table-summary>
					<p>This is a table filled with weather data, good for fishermen
					living in Norfolk, Virginia.</p>
				</nitf-table-summary>
				<nitf-col value="beach"/>
				<nitf-col value="day-high"/>
				<nitf-col value="day-low"/>
				<nitf-col occurrences="2" value="tide-time"/>
				<nitf-colgroup occurrences="3" value="three-day-forecast">
					<nitf-col value="day-high"/>
					<nitf-col value="day-low"/>
				</nitf-colgroup>
			</nitf-table-metadata>
		
			<table>
				<tr>
					<!-- beach -->
					<td>Sunset</td>
					
					<!-- day high and low -->
					<td>30</td>
					<td>14</td>
					
					<!-- tide times -->
					<td>09:23</td>
					<td>18:51</td>
					
					<!-- forecast tomorrow -->
					<td>28</td>
					<td>11</td>
		
					<!-- forecast the next day -->
					<td>31</td>
					<td>12</td>
		
					<!-- forecast the day after that -->
					<td>33</td>
					<td>9</td>
				</tr>
				<tr>
					<!-- beach -->
					<td>Oceanview</td>
					
					<!-- day high and low -->
					<td>31</td>
					<td>15</td>
					
					<!-- tide times -->
					<td>09:25</td>
					<td>18:56</td>
					
					<!-- forecast tomorrow -->
					<td>26</td>
					<td>11</td>
		
					<!-- forecast the next day -->
					<td>31</td>
					<td>11</td>
		
					<!-- forecast the day after that -->
					<td>31</td>
					<td>9</td>
				</tr>
				<tr>
					<!-- beach -->
					<td>Shellfish</td>
					
					<!-- day high and low -->
					<td>29</td>
					<td>15</td>
					
					<!-- tide times -->
					<td>09:25</td>
					<td>18:53</td>
					
					<!-- forecast tomorrow -->
					<td>26</td>
					<td>9</td>
		
					<!-- forecast the next day -->
					<td>29</td>
					<td>11</td>
		
					<!-- forecast the day after that -->
					<td>30</td>
					<td>11</td>
				</tr>
			</table>
		</nitf-table>
	</body.content>
</body>
</nitf>
